match_id,tournament,stage,region,date,game_number,blue_team,red_team,blue_explaner,blue_jungler,blue_midlaner,blue_goldlaner,blue_roamer,red_explaner,red_jungler,red_midlaner,red_goldlaner,red_roamer,blue_bans,red_bans,winner,game_duration
"MPL_ID_S15_M1_G1","MPL_ID_S15","Regular Season","Indonesia","March 7; 2025 - 15:15 ICT","1","RRQ Hoshi","Natus Vincere","Cici","Joy","Pharsa","Granger","Gatotkaca","Badang","Suyou","Vexana","Moskov","Chou","Mathilda;Phoveus;Harith;Hylos;Valentina","Zhuxin;Fanny;Luo Yi;Yve;Chip","red","13:13"
"MPL_ID_S15_M1_G2","MPL_ID_S15","Regular Season","Indonesia","March 7; 2025 - 15:15 ICT","2","RRQ Hoshi","Natus Vincere","Cici","Suyou","Yve","Irithel","Tigreal","Badang","Hayabusa","Luo Yi","Granger","Gatotkaca","Phoveus;Mathilda;Harith;Hanzo;Nolan","Fanny;Zhuxin;Joy;Pharsa;Hylos","red","12:20"
"MPL_ID_S15_M2_G1","MPL_ID_S15","Regular Season","Indonesia","March 7; 2025 - 18:15 ICT","1","EVOS","Team Liquid ID","Edith","Suyou","Luo Yi","Granger","Jawhead","Cici","Ling","Selena","Bruno","Gatotkaca","Mathilda;Harith;Yve;Nolan;Lukas","Fanny;Joy;Zhuxin;Badang;Phoveus","blue","11:22"
"MPL_ID_S15_M2_G2","MPL_ID_S15","Regular Season","Indonesia","March 7; 2025 - 18:15 ICT","2","Team Liquid ID","EVOS","Badang","Joy","Selena","Harith","Khaleed","Cici","Suyou","Vexana","Granger","Gatotkaca","Mathilda;Phoveus;Luo Yi;Valentina;Jawhead","Fanny;Zhuxin;Yve;Hanzo;Lukas","red","14:57"
"MPL_ID_S15_M2_G3","MPL_ID_S15","Regular Season","Indonesia","March 7; 2025 - 18:15 ICT","3","Team Liquid ID","EVOS","Cici","Joy","Selena","Karrie","Hylos","Edith","Lukas","Vexana","Granger","Gatotkaca","Mathilda;Phoveus;Luo Yi;Suyou;Hayabusa","Fanny;Zhuxin;Harith;Valentina;Badang","blue","11:44"
"MPL_ID_S15_M3_G1","MPL_ID_S15","Regular Season","Indonesia","March 8; 2025 - 14:30 ICT","1","Geek Fam ID","EVOS","Badang","Joy","Valentina","Karrie","Chou","Gatotkaca","Suyou","Vexana","Granger","Jawhead","Mathilda;Cici;Phoveus;Luo Yi;Tigreal","Fanny;Zhuxin;Harith;Moskov;Lukas","red","11:48"
"MPL_ID_S15_M3_G2","MPL_ID_S15","Regular Season","Indonesia","March 8; 2025 - 14:30 ICT","2","EVOS","Geek Fam ID","Gloo","Joy","Vexana","Bruno","Gatotkaca","Phoveus","Suyou","Cecilion","Granger","Guinevere","Mathilda;Harith;Yve;Pharsa;Luo Yi","Fanny;Cici;Zhuxin;Moskov;Jawhead","blue","18:27"
"MPL_ID_S15_M4_G1","MPL_ID_S15","Regular Season","Indonesia","March 8; 2025 - 17:30 ICT","1","Bigetron Esports","Alter Ego","Badang","Joy","Pharsa","Granger","Hylos","Chou","Suyou","Valentina","Harith","Gatotkaca","Mathilda;Yve;Lukas;Tigreal;Jawhead","Fanny;Zhuxin;Cici;Luo Yi;Phoveus","blue","17:10"
"MPL_ID_S15_M4_G2","MPL_ID_S15","Regular Season","Indonesia","March 8; 2025 - 17:30 ICT","2","Alter Ego","Bigetron Esports","Lukas","Suyou","Valentina","Harith","Hylos","Gloo","Joy","Yve","Granger","Gatotkaca","Luo Yi;Chou;Badang;Cici;Phoveus","Zhuxin;Fanny;Mathilda;Tigreal;Jawhead","red","18:18"
"MPL_ID_S15_M5_G1","MPL_ID_S15","Regular Season","Indonesia","March 8; 2025 - 20:30 ICT","1","RRQ Hoshi","ONIC","Gatotkaca","Suyou","Valentina","Irithel","Chip","Cici","Nolan","Cecilion","Granger","Hylos","Yve;Phoveus;Harith;Luo Yi;Tigreal","Zhuxin;Fanny;Joy;Hilda;Pharsa","blue","25:24"
"MPL_ID_S15_M5_G2","MPL_ID_S15","Regular Season","Indonesia","March 8; 2025 - 20:30 ICT","2","ONIC","RRQ Hoshi","Gloo","Suyou","Pharsa","Claude","Chou","Lukas","Hanzo","Yve","Granger","Tigreal","Phoveus;Mathilda;Joy;Gatotkaca;Jawhead","Fanny;Zhuxin;Harith;Irithel;Moskov","red","23:58"
"MPL_ID_S15_M6_G1","MPL_ID_S15","Regular Season","Indonesia","March 9; 2025 - 14:30 ICT","1","Dewa United Esports","Bigetron Esports","Hylos","Fanny","Vexana","Granger","Ruby","Badang","Suyou","Vale","Harith","Gatotkaca","Yve;Joy;Phoveus;Akai;Chou","Luo Yi;Zhuxin;Mathilda;Hilda;Edith","blue","14:07"
"MPL_ID_S15_M6_G2","MPL_ID_S15","Regular Season","Indonesia","March 9; 2025 - 14:30 ICT","2","Bigetron Esports","Dewa United Esports","Cici","Fanny","Luo Yi","Irithel","Gatotkaca","Phoveus","Suyou","Vexana","Granger","Badang","Mathilda;Yve;Moskov;Jawhead;Chou","Zhuxin;Joy;Harith;Gloo;Lukas","red","15:06"
"MPL_ID_S15_M6_G3","MPL_ID_S15","Regular Season","Indonesia","March 9; 2025 - 14:30 ICT","3","Dewa United Esports","Bigetron Esports","Uranus","Alpha","Valentina","Moskov","Mathilda","Cici","Suyou","Cecilion","Granger","Jawhead","Yve;Joy;Badang;Gloo;Luo Yi","Zhuxin;Fanny;Harith;Hilda;Vexana","red","25:55"
"MPL_ID_S15_M7_G1","MPL_ID_S15","Regular Season","Indonesia","March 9; 2025 - 17:30 ICT","1","Alter Ego","ONIC","Cici","Joy","Faramis","Granger","Hylos","Phoveus","Suyou","Aurora","Harith","Chou","Fanny;Khaleed;Badang;Luo Yi;Jawhead","Zhuxin;Mathilda;Yve;Gloo;Lukas","blue","14:51"
"MPL_ID_S15_M7_G2","MPL_ID_S15","Regular Season","Indonesia","March 9; 2025 - 17:30 ICT","2","ONIC","Alter Ego","Lukas","Suyou","Yve","Harith","Gatotkaca","Valentina","Hanzo","Luo Yi","Claude","Hylos","Granger;Mathilda;Phoveus;Moskov;Cici","Fanny;Joy;Zhuxin;Jawhead;Badang","red","24:06"
"MPL_ID_S15_M7_G3","MPL_ID_S15","Regular Season","Indonesia","March 9; 2025 - 17:30 ICT","3","Alter Ego","ONIC","Cici","Joy","Pharsa","Harith","Gatotkaca","Phoveus","Suyou","Yve","Karrie","Chip","Fanny;Khaleed;Luo Yi;Moskov;Jawhead","Zhuxin;Mathilda;Granger;Faramis;Hylos","red","13:31"
"MPL_ID_S15_M8_G1","MPL_ID_S15","Regular Season","Indonesia","March 9; 2025 - 20:30 ICT","1","Team Liquid ID","Natus Vincere","Badang","Lukas","Yve","Harith","Hylos","Cici","Suyou","Valentina","Bruno","Gatotkaca","Mathilda;Phoveus;Granger;Moskov;Jawhead","Fanny;Zhuxin;Joy;Faramis;Angela","blue","11:52"
"MPL_ID_S15_M8_G2","MPL_ID_S15","Regular Season","Indonesia","March 9; 2025 - 20:30 ICT","2","Team Liquid ID","Natus Vincere","Badang","Suyou","Pharsa","Granger","Khaleed","Cici","Martis","Yve","Harith","Gatotkaca","Phoveus;Mathilda;Lukas;Hanzo;Hayabusa","Fanny;Zhuxin;Joy;Luo Yi;Valentina","blue","24:40"
"MPL_ID_S15_M8_G3","MPL_ID_S15","Regular Season","Indonesia","March 9; 2025 - 20:30 ICT","3","Natus Vincere","Team Liquid ID","Edith","Lukas","Valentina","Granger","Chou","Gatotkaca","Suyou","Cecilion","Moskov","Hylos","Fanny;Harith;Luo Yi;Cici;Gloo","Zhuxin;Joy;Mathilda;Badang;Chip","blue","18:42"
"MPL_ID_S15_M9_G1","MPL_ID_S15","Regular Season","Indonesia","March 14; 2025 - 15:15 ICT","1","ONIC","Geek Fam ID","Badang","Joy","Yve","Bruno","Hylos","Cici","Suyou","Aurora","Moskov","Gatotkaca","Mathilda;Harith;Phoveus;Pharsa;Luo Yi","Fanny;Zhuxin;Granger;Jawhead;Claude","blue","13:36"
"MPL_ID_S15_M9_G2","MPL_ID_S15","Regular Season","Indonesia","March 14; 2025 - 15:15 ICT","2","ONIC","Geek Fam ID","Badang","Joy","Yve","Bruno","Hylos","Cici","Suyou","Aurora","Moskov","Gatotkaca","Mathilda;Harith;Phoveus;Pharsa;Luo Yi","Fanny;Zhuxin;Granger;Jawhead;Claude","blue","14:14"
"MPL_ID_S15_M9_G3","MPL_ID_S15","Regular Season","Indonesia","March 14; 2025 - 15:15 ICT","3","ONIC","Geek Fam ID","Badang","Joy","Yve","Karrie","Hylos","Cici","Suyou","Aurora","Claude","Gatotkaca","Mathilda;Harith;Moskov;Pharsa;Luo Yi","Fanny;Zhuxin;Granger;Bruno;Irithel","red","18:24"
"MPL_ID_S15_M10_G1","MPL_ID_S15","Regular Season","Indonesia","March 14; 2025 - 18:15 ICT","1","Dewa United Esports","Natus Vincere","Cici","Suyou","Luo Yi","Granger","Chou","Edith","Lukas","Valentina","Harith","Gatotkaca","Yve;Joy;Badang;Novaria;Hayabusa","Zhuxin;Fanny;Mathilda;Jawhead;Gloo","blue","14:58"
"MPL_ID_S15_M10_G2","MPL_ID_S15","Regular Season","Indonesia","March 14; 2025 - 18:15 ICT","2","Dewa United Esports","Natus Vincere","Cici","Suyou","Luo Yi","Granger","Gatotkaca","Edith","Hayabusa","Pharsa","Harith","Hylos","Yve;Joy;Badang;Novaria;Vexana","Zhuxin;Fanny;Mathilda;Jawhead;Chou","blue","15:08"
"MPL_ID_S15_M11_G1","MPL_ID_S15","Regular Season","Indonesia","March 15; 2025 - 14:30 ICT","1","Natus Vincere","Alter Ego","Hilda","Suyou","Luo Yi","Harith","Jawhead","Gatotkaca","Joy","Valentina","Granger","Chou","Zhuxin;Fanny;Mathilda;Cici;Pharsa","Lukas;Hanzo;Badang;Phoveus;Hylos","blue","19:43"
"MPL_ID_S15_M11_G2","MPL_ID_S15","Regular Season","Indonesia","March 15; 2025 - 14:30 ICT","2","Alter Ego","Natus Vincere","Gatotkaca","Joy","Valentina","Moskov","Khaleed","Badang","Alpha","Cecilion","Granger","Mathilda","Lukas;Luo Yi;Harith;Phoveus;Hilda","Fanny;Zhuxin;Yve;Cici;Vexana","red","22:05"
"MPL_ID_S15_M11_G3","MPL_ID_S15","Regular Season","Indonesia","March 15; 2025 - 14:30 ICT","3","Alter Ego","Natus Vincere","Phoveus","Suyou","Yve","Harith","Hylos","Gloo","Joy","Valentina","Granger","Badang","Lukas;Luo Yi;Moskov;Cici;Hilda","Fanny;Zhuxin;Mathilda;Tigreal;Jawhead","blue","14:12"
"MPL_ID_S15_M12_G1","MPL_ID_S15","Regular Season","Indonesia","March 15; 2025 - 17:30 ICT","1","RRQ Hoshi","Team Liquid ID","Cici","Ling","Zhuxin","Granger","Tigreal","Gatotkaca","Hayabusa","Cecilion","Harith","Hylos","Mathilda;Badang;Yve;Hilda;Phoveus","Fanny;Joy;Suyou;Hanzo;Alpha","blue","11:03"
"MPL_ID_S15_M12_G2","MPL_ID_S15","Regular Season","Indonesia","March 15; 2025 - 17:30 ICT","2","Team Liquid ID","RRQ Hoshi","Phoveus","Alpha","Valentina","Bruno","Mathilda","Hylos","Hayabusa","Cecilion","Harith","Franco","Gatotkaca;Granger;Cici;Gloo;Jawhead","Fanny;Zhuxin;Suyou;Moskov;Luo Yi","red","09:38"
"MPL_ID_S15_M13_G1","MPL_ID_S15","Regular Season","Indonesia","March 15; 2025 - 20:30 ICT","1","Bigetron Esports","EVOS","Badang","Joy","Faramis","Harith","Chip","Phoveus","Suyou","Valentina","Granger","Hylos","Mathilda;Gatotkaca;Luo Yi;Jawhead;Tigreal","Zhuxin;Fanny;Yve;Cici;Chou","blue","16:35"
"MPL_ID_S15_M13_G2","MPL_ID_S15","Regular Season","Indonesia","March 15; 2025 - 20:30 ICT","2","Bigetron Esports","EVOS","Hilda","Nolan","Luo Yi","Harith","Chou","Cici","Suyou","Novaria","Granger","Hylos","Mathilda;Gatotkaca;Phoveus;Jawhead;Tigreal","Zhuxin;Fanny;Badang;Uranus;Yve","blue","14:03"
"MPL_ID_S15_M13_G3","MPL_ID_S15","Regular Season","Indonesia","March 15; 2025 - 20:30 ICT","3","Bigetron Esports","EVOS","Badang","Joy","Faramis","Moskov","Chip","Hylos","Lukas","Luo Yi","Granger","Chou","Mathilda;Gatotkaca;Phoveus;Edith;Suyou","Zhuxin;Fanny;Harith;Valentina;Hilda","red","18:09"
"MPL_ID_S15_M14_G1","MPL_ID_S15","Regular Season","Indonesia","March 16; 2025 - 14:30 ICT","1","Geek Fam ID","Bigetron Esports","Cici","Joy","Pharsa","Harith","Khufra","Badang","Suyou","Vexana","Beatrix","Gatotkaca","Luo Yi;Granger;Mathilda;Moskov;Bruno","Zhuxin;Fanny;Phoveus;Hylos;Chou","blue","22:34"
"MPL_ID_S15_M14_G2","MPL_ID_S15","Regular Season","Indonesia","March 16; 2025 - 14:30 ICT","2","Bigetron Esports","Geek Fam ID","Edith","Joy","Luo Yi","Beatrix","Chou","Cici","Suyou","Aurora","Karrie","Gatotkaca","Mathilda;Phoveus;Fanny;Vexana;Moskov","Zhuxin;Granger;Harith;Hilda;Badang","red","12:05"
"MPL_ID_S15_M15_G1","MPL_ID_S15","Regular Season","Indonesia","March 16; 2025 - 17:30 ICT","1","Alter Ego","EVOS","Cici","Joy","Pharsa","Moskov","Khaleed","Phoveus","Suyou","Luo Yi","Irithel","Badang","Fanny;Lukas;Granger;Jawhead;Bruno","Zhuxin;Harith;Yve;Hylos;Gatotkaca","blue","15:34"
"MPL_ID_S15_M15_G2","MPL_ID_S15","Regular Season","Indonesia","March 16; 2025 - 17:30 ICT","2","EVOS","Alter Ego","Hilda","Joy","Luo Yi","Bruno","Hylos","Cici","Hayabusa","Yve","Moskov","Gatotkaca","Harith;Mathilda;Badang;Suyou;Hanzo","Zhuxin;Granger;Fanny;Edith;Jawhead","red","14:54"
"MPL_ID_S15_M16_G1","MPL_ID_S15","Regular Season","Indonesia","March 16; 2025 - 20:30 ICT","1","Team Liquid ID","Dewa United Esports","Gloo","Joy","Pharsa","Irithel","Gatotkaca","Cici","Hayabusa","Valentina","Granger","Chou","Phoveus;Mathilda;Harith;Hylos;Luo Yi","Zhuxin;Fanny;Suyou;Hilda;Badang","blue","15:59"
"MPL_ID_S15_M16_G2","MPL_ID_S15","Regular Season","Indonesia","March 16; 2025 - 20:30 ICT","2","Dewa United Esports","Team Liquid ID","Cici","Alpha","Vexana","Moskov","Mathilda","Badang","Suyou","Valentina","Granger","Khaleed","Yve;Joy;Hayabusa;Gloo;Luo Yi","Fanny;Zhuxin;Harith;Phoveus;Hilda","red","13:11"
"MPL_ID_S15_M17_G1","MPL_ID_S15","Regular Season","Indonesia","March 21; 2025 - 15:15 ICT","1","ONIC","Dewa United Esports","Hilda","Suyou","Cecilion","Bruno","Jawhead","Lukas","Joy","Luo Yi","Granger","Gatotkaca","Mathilda;Harith;Moskov;Cici;Phoveus","Zhuxin;Yve;Fanny;Irithel;Karrie","blue","18:35"
"MPL_ID_S15_M17_G2","MPL_ID_S15","Regular Season","Indonesia","March 21; 2025 - 15:15 ICT","2","Dewa United Esports","ONIC","Badang","Hayabusa","Lunox","Harith","Chou","Hilda","Ling","Zhuxin","Granger","Gatotkaca","Yve;Phoveus;Suyou;Hylos;Chip","Mathilda;Fanny;Joy;Gloo;Cici","red","13:41"
"MPL_ID_S15_M17_G3","MPL_ID_S15","Regular Season","Indonesia","March 21; 2025 - 15:15 ICT","3","ONIC","Dewa United Esports","Gloo","Suyou","Cecilion","Bruno","Jawhead","Badang","Joy","Luo Yi","Granger","Guinevere","Mathilda;Harith;Moskov;Chou;Tigreal","Zhuxin;Yve;Fanny;Irithel;Phoveus","red","14:38"
"MPL_ID_S15_M18_G1","MPL_ID_S15","Regular Season","Indonesia","March 21; 2025 - 19:30 ICT","1","Natus Vincere","EVOS","Phoveus","Joy","Yve","Bruno","Badang","Belerick","Lukas","Valentina","Moskov","Chip","Fanny;Granger;Suyou;Gloo;Hilda","Zhuxin;Harith;Mathilda;Gatotkaca;Hylos","blue","18:26"
"MPL_ID_S15_M18_G2","MPL_ID_S15","Regular Season","Indonesia","March 21; 2025 - 19:30 ICT","2","EVOS","Natus Vincere","Cici","Joy","Aurora","Harith","Chou","Hilda","Nolan","Zhuxin","Moskov","Gatotkaca","Luo Yi;Suyou;Phoveus;Edith;Badang","Fanny;Granger;Mathilda;Yve;Chip","red","16:12"
"MPL_ID_S15_M19_G1","MPL_ID_S15","Regular Season","Indonesia","March 22; 2025 - 14:30 ICT","1","Team Liquid ID","Geek Fam ID","Edith","Suyou","Pharsa","Granger","Chip","Hilda","Joy","Faramis","Moskov","Khaleed","Phoveus;Jawhead;Harith;Gatotkaca;Valentina","Fanny;Zhuxin;Luo Yi;Badang;Gloo","blue","11:44"
"MPL_ID_S15_M19_G2","MPL_ID_S15","Regular Season","Indonesia","March 22; 2025 - 14:30 ICT","2","Geek Fam ID","Team Liquid ID","Khaleed","Hanzo","Pharsa","Harith","Chou","Gloo","Suyou","Selena","Moskov","Jawhead","Luo Yi;Mathilda;Badang;Hilda;Valentina","Zhuxin;Chip;Fanny;Cici;Gatotkaca","red","22:08"
"MPL_ID_S15_M19_G3","MPL_ID_S15","Regular Season","Indonesia","March 22; 2025 - 14:30 ICT","3","Team Liquid ID","Geek Fam ID","Hilda","Joy","Valentina","Granger","Hylos","Gloo","Suyou","Luo Yi","Moskov","Chou","Jawhead;Phoveus;Harith;Tigreal;Gatotkaca","Fanny;Zhuxin;Chip;Mathilda;Pharsa","red","13:03"
"MPL_ID_S15_M20_G1","MPL_ID_S15","Regular Season","Indonesia","March 22; 2025 - 17:30 ICT","1","ONIC","Bigetron Esports","Phoveus","Suyou","Cecilion","Karrie","Jawhead","Hilda","Joy","Vexana","Irithel","Mathilda","Granger;Harith;Moskov;Beatrix;Luo Yi","Zhuxin;Yve;Fanny;Gloo;Lukas","blue","11:01"
"MPL_ID_S15_M20_G2","MPL_ID_S15","Regular Season","Indonesia","March 22; 2025 - 17:30 ICT","2","Bigetron Esports","ONIC","Hylos","Joy","Zhuxin","Wanwan","Chip","Hilda","Hayabusa","Cecilion","Moskov","Khaleed","Jawhead;Phoveus;Fanny;Valentina;Yve","Granger;Harith;Suyou;Beatrix;Gloo","red","28:28"
"MPL_ID_S15_M21_G1","MPL_ID_S15","Regular Season","Indonesia","March 22; 2025 - 20:30 ICT","1","RRQ Hoshi","Alter Ego","Hilda","Joy","Aurora","Irithel","Khufra","Lukas","Hanzo","Valentina","Granger","Hylos","Cici;Harith;Suyou;Luo Yi;Phoveus","Zhuxin;Chip;Fanny;Badang;Khaleed","blue","14:27"
"MPL_ID_S15_M21_G2","MPL_ID_S15","Regular Season","Indonesia","March 22; 2025 - 20:30 ICT","2","RRQ Hoshi","Alter Ego","Hylos","Suyou","Pharsa","Irithel","Jawhead","Hilda","Joy","Valentina","Granger","Badang","Cici;Hanzo;Harith;Faramis;Gatotkaca","Fanny;Chip;Zhuxin;Phoveus;Lukas","blue","14:27"
"MPL_ID_S15_M21_G3","MPL_ID_S15","Regular Season","Indonesia","March 22; 2025 - 20:30 ICT","3","RRQ Hoshi","Alter Ego","Phoveus","Hayabusa","Valentina","Granger","Chip","Hilda","Ling","Zhuxin","Bruno","Khaleed","Hanzo;Cici;Harith;Irithel;Moskov","Fanny;Suyou;Joy;Lukas;Hylos","red","12:24"
"MPL_ID_S15_M22_G1","MPL_ID_S15","Regular Season","Indonesia","March 23; 2025 - 14:30 ICT","1","Bigetron Esports","Natus Vincere","Gloo","Suyou","Selena","Beatrix","Chou","Cici","Lukas","Luo Yi","Bruno","Jawhead","Mathilda;Yve;Zhuxin;Moskov;Phoveus","Harith;Fanny;Granger;Valentina;Badang","blue","17:07"
"MPL_ID_S15_M22_G2","MPL_ID_S15","Regular Season","Indonesia","March 23; 2025 - 14:30 ICT","2","Natus Vincere","Bigetron Esports","Badang","Suyou","Cecilion","Irithel","Khaleed","Lukas","Nolan","Yve","Moskov","Jawhead","Fanny;Granger;Joy;Hilda;Beatrix","Mathilda;Harith;Zhuxin;Chou;Tigreal","red","15:36"
"MPL_ID_S15_M22_G3","MPL_ID_S15","Regular Season","Indonesia","March 23; 2025 - 14:30 ICT","3","Bigetron Esports","Natus Vincere","Terizla","Joy","Valentina","Beatrix","Chou","Badang","Suyou","Cecilion","Bruno","Khaleed","Mathilda;Yve;Phoveus;Tigreal;Moskov","Harith;Granger;Jawhead;Zhuxin;Hilda","red","14:38"
"MPL_ID_S15_M23_G1","MPL_ID_S15","Regular Season","Indonesia","March 23; 2025 - 17:30 ICT","1","Geek Fam ID","RRQ Hoshi","Gloo","Hanzo","Luo Yi","Moskov","Khaleed","Badang","Suyou","Valentina","Granger","Gatotkaca","Mathilda;Jawhead;Joy;Franco;Tigreal","Fanny;Zhuxin;Harith;Cici;Chou","blue","17:35"
"MPL_ID_S15_M23_G2","MPL_ID_S15","Regular Season","Indonesia","March 23; 2025 - 17:30 ICT","2","Geek Fam ID","RRQ Hoshi","Gloo","Joy","Pharsa","Harith","Chou","Cici","Suyou","Faramis","Granger","Gatotkaca","Mathilda;Jawhead;Luo Yi;Tigreal;Badang","Fanny;Zhuxin;Hanzo;Hilda;Cecilion","blue","21:18"
"MPL_ID_S15_M23_G3","MPL_ID_S15","Regular Season","Indonesia","March 23; 2025 - 17:30 ICT","3","Geek Fam ID","RRQ Hoshi","Hilda","Joy","Cecilion","Moskov","Chou","Phoveus","Lukas","Valentina","Granger","Tigreal","Mathilda;Jawhead;Luo Yi;Suyou;Hayabusa","Fanny;Zhuxin;Harith;Faramis;Gloo","red","13:51"
"MPL_ID_S15_M24_G1","MPL_ID_S15","Regular Season","Indonesia","March 23; 2025 - 20:30 ICT","1","Alter Ego","Dewa United Esports","Gatotkaca","Joy","Pharsa","Harith","Khaleed","Phoveus","Suyou","Lunox","Beatrix","Jawhead","Badang;Luo Yi;Chou;Granger;Moskov","Zhuxin;Cici;Fanny;Gloo;Tigreal","blue","14:36"
"MPL_ID_S15_M24_G2","MPL_ID_S15","Regular Season","Indonesia","March 23; 2025 - 20:30 ICT","2","Dewa United Esports","Alter Ego","Phoveus","Alpha","Hilda","Harith","Mathilda","Hylos","Joy","Luo Yi","Granger","Franco","Yve;Cici;Moskov;Khaleed;Gloo","Zhuxin;Suyou;Fanny;Lukas;Hayabusa","red","18:56"
"MPL_ID_S15_M24_G3","MPL_ID_S15","Regular Season","Indonesia","March 23; 2025 - 20:30 ICT","3","Alter Ego","Dewa United Esports","Chou","Suyou","Vale","Granger","Gatotkaca","Badang","Hayabusa","Cecilion","Harith","Jawhead","Fanny;Lukas;Phoveus;Luo Yi;Yve","Zhuxin;Cici;Hanzo;Tigreal;Gloo","red","10:07"
"MPL_ID_S15_M25_G1","MPL_ID_S15","Regular Season","Indonesia","April 18; 2025 - 15:15 ICT","1","Natus Vincere","ONIC","Hilda","Hayabusa","Cecilion","Bruno","Kalea","Cici","Joy","Selena","Moskov","Chou","Fanny;Harith;Luo Yi;Faramis;Valentina","Karrie;Pharsa;Granger;Mathilda;Zhuxin","blue","10:35"
"MPL_ID_S15_M25_G2","MPL_ID_S15","Regular Season","Indonesia","April 18; 2025 - 15:15 ICT","2","ONIC","Natus Vincere","Badang","Suyou","Zhuxin","Moskov","Gatotkaca","Phoveus","Joy","Valentina","Karrie","Kalea","Hilda;Granger;Mathilda;Yve;Aurora","Gloo;Hylos;Luo Yi;Harith;Fanny","red","13:49"
"MPL_ID_S15_M25_G3","MPL_ID_S15","Regular Season","Indonesia","April 18; 2025 - 15:15 ICT","3","Natus Vincere","ONIC","Kalea","Hayabusa","Zhuxin","Irithel","Chou","Gloo","Suyou","Cecilion","Granger","Badang","Harith;Luo Yi;Phoveus;Jawhead;Faramis","Hilda;Fanny;Joy;Hylos;Gatotkaca","red","11:03"
"MPL_ID_S15_M26_G1","MPL_ID_S15","Regular Season","Indonesia","April 18; 2025 - 18:15 ICT","1","Dewa United Esports","EVOS","Phoveus","Suyou","Vexana","Harith","Mathilda","Cici","Fanny","Cecilion","Karrie","Badang","Chou;Jawhead;Zhuxin;Chip;Kalea","Luo Yi;Granger;Lukas;Bruno;Moskov","red","19:16"
"MPL_ID_S15_M26_G2","MPL_ID_S15","Regular Season","Indonesia","April 18; 2025 - 18:15 ICT","2","Dewa United Esports","EVOS","Badang","Suyou","Selena","Granger","Chou","Hilda","Joy","Yve","Irithel","Chip","Luo Yi;Lukas;Moskov;Cecilion;Zhuxin","Kalea;Harith;Fanny;Jawhead;Tigreal","red","19:24"
"MPL_ID_S15_M26_G3","MPL_ID_S15","Regular Season","Indonesia","April 18; 2025 - 18:15 ICT","3","Dewa United Esports","EVOS","Phoveus","Joy","Zhuxin","Granger","Badang","Gloo","Suyou","Aurora","Moskov","Jawhead","Luo Yi;Lukas;Chip;Cecilion;Yve","Chou;Guinevere;Fanny;Harith;Kalea","blue","16:25"
"MPL_ID_S15_M27_G1","MPL_ID_S15","Regular Season","Indonesia","April 19; 2025 - 14:30 ICT","1","Bigetron Esports","Team Liquid ID","Badang","Lukas","Zhuxin","Claude","Hylos","Gloo","Joy","Cecilion","Granger","Kalea","Fanny;Suyou;Hilda;Phoveus;Chou","Luo Yi;Harith;Chip;Mathilda;Tigreal","red","14:47"
"MPL_ID_S15_M27_G2","MPL_ID_S15","Regular Season","Indonesia","April 19; 2025 - 14:30 ICT","2","Team Liquid ID","Bigetron Esports","Kalea","Lukas","Faramis","Bruno","Mathilda","Masha","Fredrinn","Valentina","Granger","Chip","Luo Yi;Harith;Phoveus;Joy;Hayabusa","Fanny;Suyou;Zhuxin;Irithel;Moskov","blue","11:06"
"MPL_ID_S15_M27_G3","MPL_ID_S15","Regular Season","Indonesia","April 19; 2025 - 14:30 ICT","3","Team Liquid ID","Bigetron Esports","Hilda","Joy","Aurora","Karrie","Kalea","Gloo","Lancelot","Zhuxin","Moskov","Chou","Luo Yi;Harith;Chip;Tigreal;Mathilda","Fanny;Suyou;Granger;Cecilion;Yve","red","18:51"
"MPL_ID_S15_M28_G1","MPL_ID_S15","Regular Season","Indonesia","April 19; 2025 - 17:30 ICT","1","RRQ Hoshi","EVOS","Hylos","Hayabusa","Zhuxin","Moskov","Chip","Phoveus","Joy","Yve","Irithel","Tigreal","Lukas;Granger;Luo Yi;Faramis;Valentina","Harith;Fanny;Kalea;Badang;Gloo","blue","11:40"
"MPL_ID_S15_M28_G2","MPL_ID_S15","Regular Season","Indonesia","April 19; 2025 - 17:30 ICT","2","EVOS","RRQ Hoshi","Gatotkaca","Suyou","Vexana","Harith","Chou","Hylos","Fanny","Valentina","Bruno","Kalea","Phoveus;Zhuxin;Moskov;Beatrix;Franco","Granger;Chip;Luo Yi;Faramis;Badang","red","10:47"
"MPL_ID_S15_M28_G3","MPL_ID_S15","Regular Season","Indonesia","April 19; 2025 - 17:30 ICT","3","RRQ Hoshi","EVOS","Arlott","Suyou","Cecilion","Claude","Gatotkaca","Edith","Joy","Yve","Moskov","Kalea","Lukas;Granger;Luo Yi;Hilda;Hylos","Harith;Zhuxin;Chip;Karrie;Phoveus","red","22:50"
"MPL_ID_S15_M29_G1","MPL_ID_S15","Regular Season","Indonesia","April 19; 2025 - 20:30 ICT","1","Geek Fam ID","Alter Ego","Hilda","Suyou","Pharsa","Harith","Gatotkaca","Cici","Hayabusa","Selena","Moskov","Chou","Joy;Hanzo;Phoveus;Zhuxin;Luo Yi","Fanny;Kalea;Chip;Badang;Khaleed","blue","11:49"
"MPL_ID_S15_M29_G2","MPL_ID_S15","Regular Season","Indonesia","April 19; 2025 - 20:30 ICT","2","Geek Fam ID","Alter Ego","Gloo","Suyou","Zhuxin","Harith","Chou","Cici","Hayabusa","Faramis","Moskov","Gatotkaca","Joy;Hanzo;Phoveus;Selena;Luo Yi","Fanny;Kalea;Chip;Hilda;Badang","blue","11:37"
"MPL_ID_S15_M29_G3","MPL_ID_S15","Regular Season","Indonesia","April 19; 2025 - 20:30 ICT","3","Alter Ego","Geek Fam ID","Cici","Hayabusa","Valentina","Moskov","Khaleed","Gatotkaca","Suyou","Zhuxin","Granger","Badang","Fanny;Chip;Phoveus;Gloo;Chou","Joy;Kalea;Harith;Selena;Tigreal","blue","13:56"
"MPL_ID_S15_M30_G1","MPL_ID_S15","Regular Season","Indonesia","April 20; 2025 - 14:30 ICT","1","ONIC","Team Liquid ID","Arlott","Fanny","Cecilion","Beatrix","Chou","Badang","Joy","Zhuxin","Karrie","Kalea","Hilda;Granger;Moskov;Gatotkaca;Phoveus","Luo Yi;Harith;Chip;Hylos;Gloo","blue","17:56"
"MPL_ID_S15_M30_G2","MPL_ID_S15","Regular Season","Indonesia","April 20; 2025 - 14:30 ICT","2","ONIC","Team Liquid ID","Cici","Fanny","Valentina","Granger","Badang","Kalea","Suyou","Vexana","Moskov","Chou","Hilda;Joy;Zhuxin;Phoveus;Pharsa","Luo Yi;Harith;Chip;Cecilion;Yve","blue","14:20"
"MPL_ID_S15_M30_G3","MPL_ID_S15","Regular Season","Indonesia","April 20; 2025 - 14:30 ICT","3","ONIC","Team Liquid ID","Kalea","Hanzo","Pharsa","Moskov","Chip","Gatotkaca","Suyou","Valentina","Granger","Mathilda","Hilda;Joy;Zhuxin;Phoveus;Badang","Luo Yi;Harith;Fanny;Irithel;Beatrix","red","13:28"
"MPL_ID_S15_M31_G1","MPL_ID_S15","Regular Season","Indonesia","April 20; 2025 - 17:30 ICT","1","RRQ Hoshi","Bigetron Esports","Hilda","Lukas","Yve","Moskov","Chip","Gatotkaca","Suyou","Zhuxin","Claude","Carmilla","Selena;Granger;Mathilda;Valentina;Wanwan","Fanny;Harith;Luo Yi;Cecilion;Hayabusa","red","24:34"
"MPL_ID_S15_M31_G2","MPL_ID_S15","Regular Season","Indonesia","April 20; 2025 - 17:30 ICT","2","RRQ Hoshi","Bigetron Esports","Phoveus","Fanny","Yve","Claude","Kalea","Masha","Joy","Zhuxin","Ruby","Hylos","Selena;Mathilda;Moskov;Lukas;Fredrinn","Granger;Chip;Harith;Hilda;Uranus","red","16:32"
"MPL_ID_S15_M32_G1","MPL_ID_S15","Regular Season","Indonesia","April 20; 2025 - 20:30 ICT","1","Dewa United Esports","Geek Fam ID","Phoveus","Fanny","Zhuxin","Karrie","Gatotkaca","Hylos","Suyou","Yve","Moskov","Chou","Chip;Luo Yi;Badang;Gloo;Hilda","Harith;Granger;Kalea;Mathilda;Jawhead","blue","12:19"
"MPL_ID_S15_M32_G2","MPL_ID_S15","Regular Season","Indonesia","April 20; 2025 - 20:30 ICT","2","Dewa United Esports","Geek Fam ID","Phoveus","Fanny","Cecilion","Moskov","Mathilda","Gatotkaca","Suyou","Zhuxin","Beatrix","Chou","Chip;Luo Yi;Badang;Bruno;Claude","Harith;Granger;Kalea;Yve;Joy","blue","15:03"
"MPL_ID_S15_M32_G3","MPL_ID_S15","Regular Season","Indonesia","April 20; 2025 - 20:30 ICT","3","Dewa United Esports","Geek Fam ID","Uranus","Joy","Cecilion","Moskov","Carmilla","Phoveus","Suyou","Valentina","Claude","Kalea","Chip;Luo Yi;Badang;Pharsa;Aurora","Harith;Granger;Mathilda;Chou;Gloo","red","14:38"
"MPL_ID_S15_M33_G1","MPL_ID_S15","Regular Season","Indonesia","April 25; 2025 - 15:15 ICT","1","Geek Fam ID","Natus Vincere","Kalea","Fredrinn","Novaria","Granger","Floryn","Phoveus","Joy","Faramis","Clint","Hylos","Hilda;Lukas;Zhuxin;Mathilda;Bruno","Chip;Luo Yi;Fanny;Arlott;Moskov","blue","13:39"
"MPL_ID_S15_M33_G2","MPL_ID_S15","Regular Season","Indonesia","April 25; 2025 - 15:15 ICT","2","Geek Fam ID","Natus Vincere","Phoveus","Suyou","Valentina","Granger","Kalea","Hylos","Fredrinn","Novaria","Natan","Chou","Hilda;Lukas;Zhuxin;Mathilda;Arlott","Chip;Luo Yi;Fanny;Jawhead;Pharsa","blue","10:58"
"MPL_ID_S15_M34_G1","MPL_ID_S15","Regular Season","Indonesia","April 25; 2025 - 18:15 ICT","1","EVOS","ONIC","Edith","Fanny","Zhask","Harith","Gatotkaca","Hilda","Hayabusa","Zhuxin","Granger","Kalea","Moskov;Phoveus;Luo Yi;Badang;Beatrix","Chip;Joy;Yve;Jawhead;Cici","blue","13:34"
"MPL_ID_S15_M34_G2","MPL_ID_S15","Regular Season","Indonesia","April 25; 2025 - 18:15 ICT","2","ONIC","EVOS","Cici","Joy","Valentina","Irithel","Hilda","Kalea","Suyou","Zhask","Granger","Hylos","Chip;Lukas;Fredrinn;Phoveus;Pharsa","Fanny;Harith;Zhuxin;Yve;Luo Yi","red","17:12"
"MPL_ID_S15_M35_G1","MPL_ID_S15","Regular Season","Indonesia","April 26; 2025 - 14:30 ICT","1","Dewa United Esports","RRQ Hoshi","Phoveus","Alpha","Valentina","Harith","Mathilda","Badang","Hayabusa","Novaria","Granger","Hilda","Lukas;Luo Yi;Chip;Franco;Yve","Kalea;Zhuxin;Fanny;Suyou;Fredrinn","blue","10:36"
"MPL_ID_S15_M35_G2","MPL_ID_S15","Regular Season","Indonesia","April 26; 2025 - 14:30 ICT","2","Dewa United Esports","RRQ Hoshi","Hilda","Hayabusa","Selena","Harith","Gatotkaca","Phoveus","Suyou","Pharsa","Wanwan","Chip","Lukas;Luo Yi;Granger;Irithel;Claude","Kalea;Zhuxin;Fanny;Valentina;Carmilla","blue","18:28"
"MPL_ID_S15_M36_G1","MPL_ID_S15","Regular Season","Indonesia","April 26; 2025 - 17:30 ICT","1","Team Liquid ID","Alter Ego","Edith","Suyou","Pharsa","Harith","Chip","Hylos","Fredrinn","Selena","Granger","Novaria","Hayabusa;Phoveus;Luo Yi;Mathilda;Arlott","Fanny;Zhuxin;Joy;Kalea;Cici","red","21:08"
"MPL_ID_S15_M36_G2","MPL_ID_S15","Regular Season","Indonesia","April 26; 2025 - 17:30 ICT","2","Alter Ego","Team Liquid ID","Hylos","Hayabusa","Novaria","Granger","Khaleed","Hilda","Joy","Pharsa","Irithel","Chou","Fanny;Chip;Kalea;Moskov;Vexana","Harith;Luo Yi;Zhuxin;Selena;Tigreal","blue","25:50"
"MPL_ID_S15_M36_G3","MPL_ID_S15","Regular Season","Indonesia","April 26; 2025 - 17:30 ICT","3","Team Liquid ID","Alter Ego","Edith","Suyou","Yve","Harith","Kalea","Phoveus","Joy","Valentina","Moskov","Hylos","Hayabusa;Luo Yi;Granger;Selena;Novaria","Fanny;Zhuxin;Chip;Gatotkaca;Mathilda","blue","12:54"
"MPL_ID_S15_M37_G1","MPL_ID_S15","Regular Season","Indonesia","April 26; 2025 - 20:30 ICT","1","EVOS","Bigetron Esports","Edith","Suyou","Yve","Harith","Gatotkaca","Phoveus","Hanzo","Zhuxin","Wanwan","Kalea","Masha;Chip;Luo Yi;Granger;Beatrix","Fanny;Joy;Hayabusa;Badang;Hylos","blue","22:43"
"MPL_ID_S15_M37_G2","MPL_ID_S15","Regular Season","Indonesia","April 26; 2025 - 20:30 ICT","2","EVOS","Bigetron Esports","Badang","Lukas","Valentina","Harith","Hylos","Cici","Suyou","Zhuxin","Wanwan","Gatotkaca","Masha;Chip;Luo Yi;Kalea;Phoveus","Fanny;Joy;Hayabusa;Mathilda;Edith","blue","16:19"
"MPL_ID_S15_M37_G3","MPL_ID_S15","Regular Season","Indonesia","April 26; 2025 - 20:30 ICT","3","EVOS","Bigetron Esports","Kalea","Joy","Zhask","Irithel","Hylos","Hilda","Suyou","Novaria","Moskov","Tigreal","Masha;Chip;Zhuxin;Phoveus;Luo Yi","Fanny;Harith;Granger;Valentina;Gatotkaca","red","21:25"
"MPL_ID_S15_M38_G1","MPL_ID_S15","Regular Season","Indonesia","April 27; 2025 - 14:30 ICT","1","Alter Ego","Natus Vincere","Hylos","Lancelot","Zhuxin","Granger","Chou","Hilda","Suyou","Yve","Harith","Kalea","Chip;Mathilda;Fredrinn;Zhask;Valentina","Luo Yi;Joy;Phoveus;Hanzo;Hayabusa","blue","14:55"
"MPL_ID_S15_M38_G2","MPL_ID_S15","Regular Season","Indonesia","April 27; 2025 - 14:30 ICT","2","Alter Ego","Natus Vincere","Hylos","Hayabusa","Zhask","Granger","Kalea","Badang","Suyou","Zhuxin","Harith","Gatotkaca","Mathilda;Hilda;Chip;Chou;Jawhead","Luo Yi;Joy;Phoveus;Yve;Novaria","blue","12:09"
"MPL_ID_S15_M38_G3","MPL_ID_S15","Regular Season","Indonesia","April 27; 2025 - 14:30 ICT","3","Alter Ego","Natus Vincere","Badang","Hayabusa","Zhask","Harith","Gatotkaca","Phoveus","Lancelot","Zhuxin","Bruno","Kalea","Hilda;Chip;Mathilda;Suyou;Moskov","Luo Yi;Joy;Granger;Cici;Yve","red","10:57"
"MPL_ID_S15_M39_G1","MPL_ID_S15","Regular Season","Indonesia","April 27; 2025 - 17:30 ICT","1","Geek Fam ID","ONIC","Kalea","Suyou","Novaria","Moskov","Chou","Badang","Joy","Pharsa","Granger","Gatotkaca","Zhuxin;Hayabusa;Harith;Luo Yi;Hilda","Chip;Fredrinn;Fanny;Phoveus;Hylos","blue","19:47"
"MPL_ID_S15_M39_G2","MPL_ID_S15","Regular Season","Indonesia","April 27; 2025 - 17:30 ICT","2","ONIC","Geek Fam ID","Gatotkaca","Hayabusa","Luo Yi","Harith","Kalea","Hylos","Joy","Novaria","Moskov","Badang","Chip;Fredrinn;Suyou;Phoveus;Hilda","Fanny;Zhuxin;Granger;Pharsa;Valentina","red","11:08"
"MPL_ID_S15_M39_G3","MPL_ID_S15","Regular Season","Indonesia","April 27; 2025 - 17:30 ICT","3","Geek Fam ID","ONIC","Kalea","Suyou","Valentina","Moskov","Helcurt","Hylos","Joy","Zhuxin","Granger","Badang","Luo Yi;Harith;Hayabusa;Chou;Hilda","Chip;Fredrinn;Fanny;Novaria;Pharsa","red","18:12"
"MPL_ID_S15_M40_G1","MPL_ID_S15","Regular Season","Indonesia","April 27; 2025 - 20:30 ICT","1","Dewa United Esports","Team Liquid ID","Badang","Fanny","Cecilion","Wanwan","Chou","Akai","Suyou","Zhuxin","Beatrix","Kalea","Yve;Chip;Moskov;Karrie;Hilda","Harith;Granger;Phoveus;Gatotkaca;Tigreal","blue","11:37"
"MPL_ID_S15_M40_G2","MPL_ID_S15","Regular Season","Indonesia","April 27; 2025 - 20:30 ICT","2","Team Liquid ID","Dewa United Esports","Hilda","Joy","Zhuxin","Wanwan","Chou","Badang","Suyou","Lunox","Beatrix","Kalea","Phoveus;Granger;Moskov;Selena;Luo Yi","Chip;Fanny;Harith;Irithel;Gatotkaca","red","18:25"
"MPL_ID_S15_M40_G3","MPL_ID_S15","Regular Season","Indonesia","April 27; 2025 - 20:30 ICT","3","Dewa United Esports","Team Liquid ID","Badang","Fredrinn","Zhuxin","Clint","Mathilda","Phoveus","Suyou","Cecilion","Moskov","Gatotkaca","Chip;Fanny;Yve;Hayabusa;Khaleed","Harith;Granger;Kalea;Cici;Beatrix","red","17:15"
"MPL_ID_S15_M41_G1","MPL_ID_S15","Regular Season","Indonesia","May 2; 2025 - 15:15 ICT","1","Natus Vincere","Dewa United Esports","Hylos","Joy","Zhuxin","Karrie","Khaleed","Hilda","Hayabusa","Kimmy","Moskov","Gatotkaca","Mathilda;Fanny;Harith;Chou;Badang","Kalea;Chip;Granger;Bruno;Phoveus","blue","10:29"
"MPL_ID_S15_M41_G2","MPL_ID_S15","Regular Season","Indonesia","May 2; 2025 - 15:15 ICT","2","Natus Vincere","Dewa United Esports","Hilda","Yi Sun-shin","Zhuxin","Lunox","Chou","Phoveus","Suyou","Kimmy","Harith","Jawhead","Mathilda;Fanny;Joy;Gatotkaca;Badang","Kalea;Chip;Granger;Bruno;Lukas","blue","22:43"
"MPL_ID_S15_M42_G1","MPL_ID_S15","Regular Season","Indonesia","May 2; 2025 - 18:15 ICT","1","Alter Ego","Geek Fam ID","Esmeralda","Fredrinn","Novaria","Kimmy","Kalea","Phoveus","Suyou","Valentina","Harith","Chou","Fanny;Chip;Zhuxin;Cici;Pharsa","Joy;Hayabusa;Luo Yi;Granger;Selena","blue","14:39"
"MPL_ID_S15_M42_G2","MPL_ID_S15","Regular Season","Indonesia","May 2; 2025 - 18:15 ICT","2","Alter Ego","Geek Fam ID","Hilda","Hanzo","Novaria","Kimmy","Kalea","Hylos","Suyou","Valentina","Harith","Chou","Fanny;Chip;Zhuxin;Gloo;Badang","Joy;Hayabusa;Luo Yi;Granger;Phoveus","blue","14:13"
"MPL_ID_S15_M43_G1","MPL_ID_S15","Regular Season","Indonesia","May 3; 2025 - 14:30 ICT","1","EVOS","Alter Ego","Badang","Joy","Zhuxin","Granger","Gatotkaca","Lukas","Ling","Selena","Harith","Kalea","Phoveus;Hayabusa;Luo Yi;Fredrinn;Hanzo","Fanny;Chip;Suyou;Chou;Hylos","blue","12:27"
"MPL_ID_S15_M43_G2","MPL_ID_S15","Regular Season","Indonesia","May 3; 2025 - 14:30 ICT","2","Alter Ego","EVOS","Cici","Suyou","Yve","Karrie","Gatotkaca","Kalea","Lukas","Zhuxin","Moskov","Jawhead","Fanny;Granger;Chip;Edith;Mathilda","Joy;Hayabusa;Harith;Valentina;Wanwan","red","18:26"
"MPL_ID_S15_M44_G1","MPL_ID_S15","Regular Season","Indonesia","May 3; 2025 - 17:30 ICT","1","ONIC","Team Liquid ID","Badang","Joy","Valentina","Claude","Chou","Edith","Hayabusa","Pharsa","Harith","Chip","Zhuxin;Hilda;Kalea;Phoveus;Gloo","Luo Yi;Granger;Fanny;Gatotkaca;Hylos","red","14:08"
"MPL_ID_S15_M44_G2","MPL_ID_S15","Regular Season","Indonesia","May 3; 2025 - 17:30 ICT","2","Team Liquid ID","ONIC","Edith","Suyou","Novaria","Harith","Chip","Hilda","Hayabusa","Pharsa","Beatrix","Kalea","Luo Yi;Granger;Cici;Valentina;Claude","Fanny;Zhuxin;Joy;Phoveus;Gloo","blue","14:03"
"MPL_ID_S15_M45_G1","MPL_ID_S15","Regular Season","Indonesia","May 3; 2025 - 20:30 ICT","1","Bigetron Esports","RRQ Hoshi","Gloo","Joy","Kimmy","Wanwan","Gatotkaca","Phoveus","Ling","Novaria","Harith","Tigreal","Hayabusa;Chip;Luo Yi;Fredrinn;Franco","Zhuxin;Kalea;Granger;Pharsa;Masha","red","15:41"
"MPL_ID_S15_M45_G2","MPL_ID_S15","Regular Season","Indonesia","May 3; 2025 - 20:30 ICT","2","RRQ Hoshi","Bigetron Esports","Hylos","Joy","Pharsa","Granger","Franco","Hilda","Hayabusa","Valentina","Harith","Jawhead","Masha;Zhuxin;Gatotkaca;Badang;Chou","Chip;Luo Yi;Kalea;Moskov;Phoveus","blue","15:50"
"MPL_ID_S15_M45_G3","MPL_ID_S15","Regular Season","Indonesia","May 3; 2025 - 20:30 ICT","3","RRQ Hoshi","Bigetron Esports","Kalea","Lukas","Valentina","Granger","Mathilda","Hilda","Joy","Pharsa","Wanwan","Badang","Masha;Gatotkaca;Zhuxin;Kimmy;Khaleed","Chip;Hayabusa;Luo Yi;Franco;Irithel","red","13:37"
"MPL_ID_S15_M46_G1","MPL_ID_S15","Regular Season","Indonesia","May 4; 2025 - 14:30 ICT","1","Natus Vincere","Team Liquid ID","Hylos","Joy","Pharsa","Claude","Chip","Phoveus","Suyou","Valentina","Harith","Mathilda","Fanny;Zhuxin;Kalea;Fredrinn;Alpha","Hilda;Luo Yi;Granger;Moskov;Irithel","blue","21:45"
"MPL_ID_S15_M46_G2","MPL_ID_S15","Regular Season","Indonesia","May 4; 2025 - 14:30 ICT","2","Natus Vincere","Team Liquid ID","Gloo","Joy","Vexana","Granger","Kalea","Phoveus","Hayabusa","Pharsa","Harith","Chou","Fanny;Zhuxin;Mathilda;Gatotkaca;Valentina","Hilda;Luo Yi;Chip;Hylos;Badang","blue","15:37"
"MPL_ID_S15_M47_G1","MPL_ID_S15","Regular Season","Indonesia","May 4; 2025 - 17:30 ICT","1","RRQ Hoshi","ONIC","Esmeralda","Hayabusa","Selena","Granger","Chip","Hilda","Lancelot","Pharsa","Harith","Kalea","Fanny;Luo Yi;Valentina;Suyou;Ling","Zhuxin;Lukas;Franco;Hylos;Phoveus","red","13:54"
"MPL_ID_S15_M47_G2","MPL_ID_S15","Regular Season","Indonesia","May 4; 2025 - 17:30 ICT","2","RRQ Hoshi","ONIC","Gatotkaca","Joy","Kadita","Granger","Khaleed","Hylos","Hayabusa","Pharsa","Harith","Badang","Fanny;Valentina;Luo Yi;Novaria;Chou","Zhuxin;Chip;Kalea;Hilda;Selena","red","20:35"
"MPL_ID_S15_M47_G3","MPL_ID_S15","Regular Season","Indonesia","May 4; 2025 - 17:30 ICT","3","RRQ Hoshi","ONIC","Badang","Lukas","Cecilion","Harith","Mathilda","Benedetta","X.Borg","Faramis","Granger","Gatotkaca","Fanny;Luo Yi;Valentina;Hayabusa;Cici","Zhuxin;Chip;Kalea;Yve;Pharsa","blue","17:58"
"MPL_ID_S15_M48_G1","MPL_ID_S15","Regular Season","Indonesia","May 4; 2025 - 20:30 ICT","1","Geek Fam ID","EVOS","Phoveus","Fanny","Valentina","Karrie","Chou","Hylos","Suyou","Zhuxin","Moskov","Franco","Lukas;Joy;Granger;Badang;Jawhead","Harith;Chip;Kalea;Cecilion;Yve","blue","12:19"
"MPL_ID_S15_M48_G2","MPL_ID_S15","Regular Season","Indonesia","May 4; 2025 - 20:30 ICT","2","Geek Fam ID","EVOS","Edith","Joy","Yve","Claude","Chou","Phoveus","Hayabusa","Zhuxin","Moskov","Ruby","Lukas;Granger;Fanny;Gatotkaca;Mathilda","Harith;Chip;Kalea;Gloo;Hylos","blue","15:32"
"MPL_ID_S15_M48_G3","MPL_ID_S15","Regular Season","Indonesia","May 4; 2025 - 20:30 ICT","3","Geek Fam ID","EVOS","Edith","Fredrinn","Cecilion","Granger","Kalea","Gatotkaca","Suyou","Zhuxin","Moskov","Mathilda","Lukas;Fanny;Hayabusa;Hylos;Phoveus","Harith;Chip;Joy;Novaria;Floryn","red","17:09"
"MPL_ID_S15_M49_G1","MPL_ID_S15","Regular Season","Indonesia","May 9; 2025 - 15:15 ICT","1","Geek Fam ID","Dewa United Esports","Phoveus","Fanny","Zhuxin","Claude","Helcurt","Hilda","Lukas","Kimmy","Moskov","Chou","Granger;Mathilda;Harith;Beatrix;Joy","Chip;Kalea;Suyou;Badang;Tigreal","blue","14:36"
"MPL_ID_S15_M49_G2","MPL_ID_S15","Regular Season","Indonesia","May 9; 2025 - 15:15 ICT","2","Geek Fam ID","Dewa United Esports","Edith","Fanny","Zhuxin","Moskov","Gatotkaca","Badang","Ling","Kimmy","Ruby","Chou","Granger;Mathilda;Harith;Joy;Hayabusa","Chip;Kalea;Phoveus;Hilda;Gloo","blue","12:48"
"MPL_ID_S15_M50_G1","MPL_ID_S15","Regular Season","Indonesia","May 9; 2025 - 18:15 ICT","1","Team Liquid ID","Bigetron Esports","Phoveus","Suyou","Kimmy","Moskov","Mathilda","Gloo","Fredrinn","Valentina","Granger","Kalea","Luo Yi;Joy;Chip;Masha;Lukas","Fanny;Zhuxin;Hayabusa;Ruby;Harith","red","18:11"
"MPL_ID_S15_M50_G2","MPL_ID_S15","Regular Season","Indonesia","May 9; 2025 - 18:15 ICT","2","Team Liquid ID","Bigetron Esports","Phoveus","Hayabusa","Kimmy","Harith","Mathilda","Masha","Ling","Valentina","Granger","Gatotkaca","Luo Yi;Joy;Kalea;Fredrinn;Lukas","Fanny;Zhuxin;Chip;Chou;Ruby","red","19:59"
"MPL_ID_S15_M50_G3","MPL_ID_S15","Regular Season","Indonesia","May 9; 2025 - 18:15 ICT","3","Team Liquid ID","Bigetron Esports","Phoveus","Suyou","Pharsa","Harith","Chip","Masha","X.Borg","Valentina","Kimmy","Carmilla","Luo Yi;Joy;Kalea;Lukas;Fredrinn","Fanny;Hayabusa;Zhuxin;Ling;Novaria","blue","13:51"
"MPL_ID_S15_M51_G1","MPL_ID_S15","Regular Season","Indonesia","May 10; 2025 - 14:30 ICT","1","Alter Ego","Dewa United Esports","Valentina","Leomord","Kimmy","Harith","Gatotkaca","Phoveus","Lukas","Lunox","Irithel","Chip","Fanny;Mathilda;Suyou;Granger;Pharsa","Joy;Hayabusa;Luo Yi;Hanzo;Ling","red","14:24"
"MPL_ID_S15_M51_G2","MPL_ID_S15","Regular Season","Indonesia","May 10; 2025 - 14:30 ICT","2","Alter Ego","Dewa United Esports","Phoveus","Ling","Pharsa","Harith","Gatotkaca","Cici","Fredrinn","Kimmy","Moskov","Kalea","Fanny;Mathilda;Suyou;Granger;Beatrix","Joy;Hayabusa;Luo Yi;Yve;Novaria","red","13:17"
"MPL_ID_S15_M52_G1","MPL_ID_S15","Regular Season","Indonesia","May 10; 2025 - 17:30 ICT","1","RRQ Hoshi","EVOS","Badang","Hayabusa","Luo Yi","Kimmy","Hylos","Edith","Suyou","Valentina","Moskov","Kalea","Granger;Fanny;Mathilda;Gloo;Gatotkaca","Chip;Joy;Harith;Zhuxin;Phoveus","red","16:55"
"MPL_ID_S15_M52_G2","MPL_ID_S15","Regular Season","Indonesia","May 10; 2025 - 17:30 ICT","2","RRQ Hoshi","EVOS","Hylos","Joy","Zhuxin","Wanwan","Franco","Edith","Suyou","Yve","Bruno","Kalea","Granger;Fanny;Hayabusa;Beatrix;Irithel","Chip;Kimmy;Harith;Gloo;Cici","red","16:35"
"MPL_ID_S15_M53_G1","MPL_ID_S15","Regular Season","Indonesia","May 10; 2025 - 20:30 ICT","1","Natus Vincere","ONIC","Edith","Lukas","Valentina","Irithel","Kalea","Benedetta","X.Borg","Kimmy","Granger","Gatotkaca","Fanny;Hayabusa;Luo Yi;Faramis;Cici","Zhuxin;Joy;Chip;Harith;Moskov","red","11:40"
"MPL_ID_S15_M53_G2","MPL_ID_S15","Regular Season","Indonesia","May 10; 2025 - 20:30 ICT","2","ONIC","Natus Vincere","Hylos","Hayabusa","Valentina","Harith","Kalea","Phoveus","Suyou","Valir","Moskov","Chip","Lukas;Zhuxin;Hilda;Granger;Wanwan","Fanny;Kimmy;Luo Yi;Gloo;Gatotkaca","blue","16:15"
"MPL_ID_S15_M54_G1","MPL_ID_S15","Regular Season","Indonesia","May 11; 2025 - 14:30 ICT","1","RRQ Hoshi","Geek Fam ID","Gloo","Suyou","Valentina","Granger","Chip","Phoveus","Ling","Faramis","Claude","Kalea","Fanny;Harith;Zhuxin;Fredrinn;X.Borg","Joy;Kimmy;Luo Yi;Pharsa;Yve","blue","14:06"
"MPL_ID_S15_M54_G2","MPL_ID_S15","Regular Season","Indonesia","May 11; 2025 - 14:30 ICT","2","Geek Fam ID","RRQ Hoshi","Edith","Fanny","Zhuxin","Harith","Chou","Hylos","Suyou","Pharsa","Moskov","Tigreal","Lukas;Phoveus;Hayabusa;Franco;Badang","Kalea;Chip;Joy;Gatotkaca;Hilda","red","17:17"
"MPL_ID_S15_M54_G3","MPL_ID_S15","Regular Season","Indonesia","May 11; 2025 - 14:30 ICT","3","Geek Fam ID","RRQ Hoshi","Edith","Ling","Zhuxin","Harith","Chip","Badang","Suyou","Zhask","Kimmy","Hylos","Lukas;Hayabusa;Phoveus;Luo Yi;Franco","Kalea;Fanny;Joy;Helcurt;Gloo","blue","11:06"
"MPL_ID_S15_M55_G1","MPL_ID_S15","Regular Season","Indonesia","May 11; 2025 - 17:30 ICT","1","Bigetron Esports","Natus Vincere","Arlott","Fredrinn","Pharsa","Beatrix","Kalea","Terizla","Joy","Kimmy","Moskov","Gatotkaca","Hayabusa;Luo Yi;Fanny;Cici;Phoveus","Chip;Harith;Granger;Masha;Wanwan","red","13:47"
"MPL_ID_S15_M55_G2","MPL_ID_S15","Regular Season","Indonesia","May 11; 2025 - 17:30 ICT","2","Natus Vincere","Bigetron Esports","Hilda","Fanny","Kimmy","Granger","Jawhead","Badang","Joy","Zhuxin","Moskov","Chou","Fredrinn;Harith;Mathilda;Phoveus;Akai","Kalea;Hayabusa;Chip;Pharsa;Luo Yi","blue","20:37"
"MPL_ID_S15_M56_G1","MPL_ID_S15","Regular Season","Indonesia","May 11; 2025 - 20:30 ICT","1","EVOS","Team Liquid ID","Gloo","Fanny","Yve","Bruno","Gatotkaca","Phoveus","Suyou","Pharsa","Kimmy","Kalea","Mathilda;Harith;Moskov;Beatrix;Badang","Luo Yi;Granger;Chip;Lolita;Edith","red","20:03"
"MPL_ID_S15_M56_G2","MPL_ID_S15","Regular Season","Indonesia","May 11; 2025 - 20:30 ICT","2","Team Liquid ID","EVOS","Phoveus","Hayabusa","Zhuxin","Harith","Gatotkaca","Gloo","Suyou","Yve","Beatrix","Jawhead","Luo Yi;Granger;Kalea;Zhask;Edith","Chip;Fanny;Kimmy;Tigreal;Chou","blue","14:18"
"MPL_ID_S15_M56_G3","MPL_ID_S15","Regular Season","Indonesia","May 11; 2025 - 20:30 ICT","3","Team Liquid ID","EVOS","Phoveus","Hayabusa","Yve","Karrie","Kalea","Gloo","Joy","Faramis","Granger","Hylos","Luo Yi;Jawhead;Harith;Valentina;Gatotkaca","Chip;Fanny;Kimmy;Pharsa;Beatrix","red","20:53"
"MPL_ID_S15_M57_G1","MPL_ID_S15","Regular Season","Indonesia","May 16; 2025 - 15:15 ICT","1","Alter Ego","Team Liquid ID","Phoveus","Ling","Yve","Clint","Gatotkaca","Hilda","Hayabusa","Zhuxin","Kimmy","Khaleed","Fanny;Suyou;Harith;Moskov;Chou","Luo Yi;Chip;Kalea;Selena;Novaria","red","16:30"
"MPL_ID_S15_M57_G2","MPL_ID_S15","Regular Season","Indonesia","May 16; 2025 - 15:15 ICT","2","Alter Ego","Team Liquid ID","Gatotkaca","Ling","Kimmy","Granger","Franco","Kalea","Hayabusa","Novaria","Moskov","Baxia","Fanny;Suyou;Harith;Badang;Pharsa","Luo Yi;Chip;Phoveus;Valentina;Selena","red","23:37"
"MPL_ID_S15_M58_G1","MPL_ID_S15","Regular Season","Indonesia","May 16; 2025 - 18:15 ICT","1","Dewa United Esports","Bigetron Esports","Terizla","Joy","Zhuxin","Granger","Gatotkaca","Fredrinn","Lancelot","Luo Yi","Moskov","Chip","Masha;Harith;Chou;Yve;Badang","Fanny;Kalea;Kimmy;Cici;Phoveus","red","16:32"
"MPL_ID_S15_M58_G2","MPL_ID_S15","Regular Season","Indonesia","May 16; 2025 - 18:15 ICT","2","Bigetron Esports","Dewa United Esports","Kalea","Baxia","Cecilion","Beatrix","Chip","Edith","Suyou","Zhuxin","Harith","Gatotkaca","Hayabusa;Fanny;Luo Yi;Cici;Tigreal","Joy;Masha;Kimmy;Yve;Pharsa","blue","14:50"
"MPL_ID_S15_M59_G1","MPL_ID_S15","Regular Season","Indonesia","May 17; 2025 - 14:30 ICT","1","Team Liquid ID","Geek Fam ID","Gatotkaca","Lukas","Zhuxin","Moskov","Chip","Gloo","Suyou","Zhask","Granger","Badang","Luo Yi;Phoveus;Harith;Yve;Valentina","Fanny;Kimmy;Kalea;Joy;Hayabusa","red","16:41"
"MPL_ID_S15_M59_G2","MPL_ID_S15","Regular Season","Indonesia","May 17; 2025 - 14:30 ICT","2","Team Liquid ID","Geek Fam ID","Gatotkaca","Suyou","Zhuxin","Bruno","Chip","Hylos","Joy","Zhask","Granger","Badang","Luo Yi;Phoveus;Harith;Yve;Gloo","Fanny;Kalea;Kimmy;Moskov;Edith","red","15:42"
"MPL_ID_S15_M59_G3","MPL_ID_S15","Regular Season","Indonesia","May 17; 2025 - 14:30 ICT","3","Team Liquid ID","Geek Fam ID","Gatotkaca","Suyou","Zhuxin","Bruno","Chip","Terizla","Joy","Valentina","Granger","Badang","Luo Yi;Phoveus;Harith;Yve;Gloo","Fanny;Kalea;Kimmy;Moskov;Edith","blue","14:10"
"MPL_ID_S15_M60_G1","MPL_ID_S15","Regular Season","Indonesia","May 17; 2025 - 17:30 ICT","1","Alter Ego","RRQ Hoshi","Phoveus","Ling","Selena","Karrie","Gatotkaca","Hilda","Hayabusa","Zhuxin","Beatrix","Franco","Suyou;Lukas;Hylos;Badang;Tigreal","Kimmy;Harith;Kalea;Granger;Yve","blue","13:07"
"MPL_ID_S15_M60_G2","MPL_ID_S15","Regular Season","Indonesia","May 17; 2025 - 17:30 ICT","2","Alter Ego","RRQ Hoshi","Chou","Hayabusa","Yve","Karrie","Gatotkaca","Hylos","Joy","Zhuxin","Moskov","Chip","Suyou;Lukas;Tigreal;Franco;Badang","Kimmy;Harith;Kalea;Phoveus;Granger","blue","13:53"
"MPL_ID_S15_M60_G3","MPL_ID_S15","Regular Season","Indonesia","May 17; 2025 - 17:30 ICT","3","Alter Ego","RRQ Hoshi","Hylos","Hayabusa","Yve","Claude","Tigreal","Badang","Joy","Pharsa","Wanwan","Gatotkaca","Suyou;Lukas;Phoveus;Franco;Cici","Kimmy;Harith;Kalea;Chou;Granger","red","19:05"
"MPL_ID_S15_M61_G1","MPL_ID_S15","Regular Season","Indonesia","May 17; 2025 - 20:30 ICT","1","ONIC","Bigetron Esports","Gatotkaca","Ling","Selena","Kimmy","Jawhead","Kalea","Baxia","Pharsa","Granger","Badang","Masha;Zhuxin;Chip;Beatrix;Moskov","Fanny;Luo Yi;Joy;X.Borg;Hayabusa","red","15:34"
"MPL_ID_S15_M61_G2","MPL_ID_S15","Regular Season","Indonesia","May 17; 2025 - 20:30 ICT","2","Bigetron Esports","ONIC","Kalea","Baxia","Pharsa","Granger","Badang","Gloo","Hanzo","Faramis","Harith","Gatotkaca","Luo Yi;Fanny;Joy;Valentina;Cecilion","Chip;Zhuxin;Kimmy;Masha;Ling","blue","19:48"
"MPL_ID_S15_M61_G3","MPL_ID_S15","Regular Season","Indonesia","May 17; 2025 - 20:30 ICT","3","Bigetron Esports","ONIC","Ruby","Fredrinn","Kimmy","Granger","Badang","Phoveus","Hanzo","Valir","Harith","Baxia","Luo Yi;Fanny;Joy;Gloo;Pharsa","Chip;Kalea;Masha;Ling;Moskov","red","23:26"
"MPL_ID_S15_M62_G1","MPL_ID_S15","Regular Season","Indonesia","May 18; 2025 - 14:30 ICT","1","Dewa United Esports","RRQ Hoshi","Esmeralda","Fredrinn","Yve","Granger","Chip","Badang","Suyou","Valentina","Wanwan","Gatotkaca","Phoveus;Zhuxin;Moskov;Harith;Franco","Kalea;Kimmy;Fanny;Joy;Novaria","red","15:04"
"MPL_ID_S15_M62_G2","MPL_ID_S15","Regular Season","Indonesia","May 18; 2025 - 14:30 ICT","2","Dewa United Esports","RRQ Hoshi","Cici","Fredrinn","Kimmy","Harith","Badang","Terizla","Joy","Pharsa","Beatrix","Chip","Phoveus;Zhuxin;Moskov;Hanzo;Hayabusa","Kalea;Granger;Fanny;Tigreal;Mathilda","red","25:00"
"MPL_ID_S15_M63_G1","MPL_ID_S15","Regular Season","Indonesia","May 18; 2025 - 17:30 ICT","1","EVOS","ONIC","Chou","Suyou","Cecilion","Harith","Gatotkaca","Hylos","Fanny","Pharsa","Granger","Badang","Hayabusa;Kalea;Luo Yi;Yve;Novaria","Kimmy;Joy;Chip;Phoveus;Gloo","red","14:52"
"MPL_ID_S15_M63_G2","MPL_ID_S15","Regular Season","Indonesia","May 18; 2025 - 17:30 ICT","2","ONIC","EVOS","Hylos","Joy","Luo Yi","Granger","Jawhead","Kalea","Ling","Pharsa","Harith","Tigreal","Lukas;Baxia;Hayabusa;Gatotkaca;Phoveus","Chip;Kimmy;Fanny;Badang;Gloo","blue","17:38"
"MPL_ID_S15_M64_G1","MPL_ID_S15","Regular Season","Indonesia","May 18; 2025 - 20:30 ICT","1","Geek Fam ID","Natus Vincere","Hylos","Suyou","Kimmy","Wanwan","Badang","Gatotkaca","Hanzo","Zhuxin","Harith","Khaleed","Hayabusa;Suyou;Phoveus;Lukas;Ling","Fanny;Kalea;Chip;Helcurt;Zhask","red","13:54"
"MPL_ID_S15_M64_G2","MPL_ID_S15","Regular Season","Indonesia","May 18; 2025 - 20:30 ICT","2","Geek Fam ID","Natus Vincere","Akai","Lukas","Valentina","Harith","Kalea","Badang","Joy","Vexana","Wanwan","Gatotkaca","Hayabusa;Granger;Phoveus;Zhuxin;Gloo","Fanny;Suyou;Kimmy;Mathilda;Irithel","red","13:18"
"MPL_ID_S15_M65_G1","MPL_ID_S15","Regular Season","Indonesia","May 23; 2025 - 15:15 ICT","1","Bigetron Esports","Geek Fam ID","Phoveus","Baxia","Valentina","Irithel","Angela","Gloo","Suyou","Zhuxin","Harith","Badang","Fanny;Luo Yi;Joy;Cici;Faramis","Kalea;Masha;Fredrinn;Pharsa;Kimmy","blue","15:08"
"MPL_ID_S15_M65_G2","MPL_ID_S15","Regular Season","Indonesia","May 23; 2025 - 15:15 ICT","2","Geek Fam ID","Bigetron Esports","Phoveus","Suyou","Valentina","Granger","Gatotkaca","Badang","Lukas","Luo Yi","Clint","Hylos","Fredrinn;Baxia;Masha;Hanzo;Wanwan","Fanny;Joy;Kalea;Chou;Zhuxin","red","10:54"
"MPL_ID_S15_M65_G3","MPL_ID_S15","Regular Season","Indonesia","May 23; 2025 - 15:15 ICT","3","Bigetron Esports","Geek Fam ID","Kalea","Hayabusa","Kimmy","Beatrix","Tigreal","Gloo","Joy","Zhuxin","Wanwan","Badang","Fanny;Luo Yi;Phoveus;Faramis;Gatotkaca","Masha;Fredrinn;Baxia;Granger;Pharsa","red","20:40"
"MPL_ID_S15_M66_G1","MPL_ID_S15","Regular Season","Indonesia","May 23; 2025 - 18:15 ICT","1","Dewa United Esports","ONIC","Gloo","Fredrinn","Kimmy","Granger","Chou","Phoveus","Joy","Pharsa","Beatrix","Gatotkaca","Badang;Hayabusa;Fanny;Moskov;Jawhead","Chip;Kalea;Zhuxin;Edith;Hylos","blue","14:35"
"MPL_ID_S15_M66_G2","MPL_ID_S15","Regular Season","Indonesia","May 23; 2025 - 18:15 ICT","2","Dewa United Esports","ONIC","Cici","Fredrinn","Kimmy","Harith","Mathilda","Paquito","Baxia","Yve","Granger","Franco","Badang;Hayabusa;Fanny;Hanzo;Ling","Chip;Kalea;Joy;Wanwan;Claude","blue","11:47"
"MPL_ID_S15_M66_G3","MPL_ID_S15","Regular Season","Indonesia","May 23; 2025 - 18:15 ICT","3","Dewa United Esports","ONIC","Gloo","Lancelot","Yve","Granger","Chou","Baxia","Ling","Kimmy","Claude","Khaleed","Badang;Hayabusa;Fanny;Luo Yi;Pharsa","Chip;Kalea;Joy;Fredrinn;Suyou","red","16:20"
"MPL_ID_S15_M67_G1","MPL_ID_S15","Regular Season","Indonesia","May 24; 2025 - 14:30 ICT","1","EVOS","Natus Vincere","Cici","Guinevere","Pharsa","Harith","Chip","Benedetta","Baxia","Valentina","Irithel","Kalea","Phoveus;Luo Yi;Hayabusa;Beatrix;Lukas","Fanny;Granger;Joy;Ling;Gloo","blue","14:48"
"MPL_ID_S15_M67_G2","MPL_ID_S15","Regular Season","Indonesia","May 24; 2025 - 14:30 ICT","2","EVOS","Natus Vincere","X.Borg","Guinevere","Pharsa","Harith","Chip","Gloo","Hayabusa","Kimmy","Granger","Kalea","Phoveus;Luo Yi;Lukas;Valentina;Zhuxin","Fanny;Joy;Mathilda;Ling;Suyou","blue","18:33"
"MPL_ID_S15_M67_G3","MPL_ID_S15","Regular Season","Indonesia","May 24; 2025 - 14:30 ICT","3","Natus Vincere","EVOS","Cici","Fredrinn","Luo Yi","Granger","Kalea","Gatotkaca","Suyou","Pharsa","Harith","Baxia","Lukas;Mathilda;Fanny;Phoveus;X.Borg","Joy;Chip;Kimmy;Hylos;Gloo","blue","28:32"
"MPL_ID_S15_M68_G1","MPL_ID_S15","Regular Season","Indonesia","May 24; 2025 - 17:30 ICT","1","Team Liquid ID","RRQ Hoshi","Hilda","Ling","Kimmy","Granger","Chip","Gloo","Suyou","Zhuxin","Karrie","Franco","Lukas;Hayabusa;Phoveus;Hylos;Esmeralda","Kalea;Fanny;Joy;Harith;Yve","blue","14:02"
"MPL_ID_S15_M68_G2","MPL_ID_S15","Regular Season","Indonesia","May 24; 2025 - 17:30 ICT","2","Team Liquid ID","RRQ Hoshi","Hilda","Ling","Zhuxin","Kimmy","Chip","Gloo","Suyou","Pharsa","Beatrix","Kalea","Lukas;Hayabusa;Phoveus;Hylos;Esmeralda","Fanny;Joy;Baxia;Granger;Harith","blue","17:36"
"MPL_ID_S15_M69_G1","MPL_ID_S15","Regular Season","Indonesia","May 24; 2025 - 20:30 ICT","1","Alter Ego","ONIC","Phoveus","Joy","Kimmy","Granger","Gatotkaca","Paquito","Fredrinn","Luo Yi","Harith","Chip","Fanny;Suyou;Badang;Masha;Benedetta","Hayabusa;Ling;Hanzo;Zhuxin;Yve","red","12:38"
"MPL_ID_S15_M69_G2","MPL_ID_S15","Regular Season","Indonesia","May 24; 2025 - 20:30 ICT","2","ONIC","Alter Ego","Gloo","Hayabusa","Luo Yi","Claude","Badang","Phoveus","Suyou","Kimmy","Moskov","Kalea","Ling;Hanzo;Joy;Hilda;Gatotkaca","Fanny;Granger;Harith;Baxia;Hylos","blue","11:09"
"MPL_ID_S15_M70_G1","MPL_ID_S15","Regular Season","Indonesia","May 25; 2025 - 14:30 ICT","1","Dewa United Esports","EVOS","Badang","Hayabusa","Pharsa","Granger","Khaleed","Kalea","Baxia","Kimmy","Wanwan","Angela","Lukas;Harith;Moskov;Beatrix;Ling","Chip;Joy;Fanny;Gloo;Phoveus","blue","13:19"
"MPL_ID_S15_M70_G2","MPL_ID_S15","Regular Season","Indonesia","May 25; 2025 - 14:30 ICT","2","EVOS","Dewa United Esports","Badang","Fredrinn","Zhuxin","Moskov","Kalea","Terizla","Joy","Kimmy","Granger","Baxia","Luo Yi;Phoveus;Hayabusa;Cecilion;Pharsa","Chip;Fanny;Lukas;Angela;Gloo","red","10:47"
"MPL_ID_S15_M71_G1","MPL_ID_S15","Regular Season","Indonesia","May 25; 2025 - 17:30 ICT","1","Bigetron Esports","Alter Ego","Phoveus","Joy","Selena","Moskov","Gatotkaca","Badang","Baxia","Luo Yi","Granger","Angela","Hayabusa;Kalea;Harith;Franco;Tigreal","Masha;Fredrinn;Zhuxin;Wanwan;Chip","red","19:55"
"MPL_ID_S15_M71_G2","MPL_ID_S15","Regular Season","Indonesia","May 25; 2025 - 17:30 ICT","2","Bigetron Esports","Alter Ego","Benedetta","Baxia","Pharsa","Harith","Kalea","Lukas","X.Borg","Luo Yi","Granger","Khaleed","Hayabusa;Ling;Joy;Cici;Franco","Masha;Fredrinn;Zhuxin;Selena;Valentina","red","20:01"
"MPL_ID_S15_M72_G1","MPL_ID_S15","Regular Season","Indonesia","May 25; 2025 - 20:30 ICT","1","RRQ Hoshi","Natus Vincere","Badang","Joy","Selena","Wanwan","Baxia","Gloo","Hayabusa","Valentina","Irithel","Chou","Granger;Chip;Hilda;Gatotkaca;Beatrix","Luo Yi;Harith;Kalea;Phoveus;Franco","blue","14:41"
"MPL_ID_S15_M72_G2","MPL_ID_S15","Regular Season","Indonesia","May 25; 2025 - 20:30 ICT","2","RRQ Hoshi","Natus Vincere","Terizla","Ling","Faramis","Harith","Chou","Baxia","Fanny","Kimmy","Bruno","Ruby","Hilda;Granger;Chip;Phoveus;Moskov","Kalea;Luo Yi;Badang;Pharsa;Valentina","blue","13:03"
"MPL_ID_S15_M73_G1","MPL_ID_S15","Playoffs","Indonesia","June 11; 2025 - 13:00 ICT","1","Team Liquid ID","ONIC","Badang","Suyou","Pharsa","Harith","Kalea","Masha","Kaja","Luo Yi","Irithel","Chip","Hayabusa;Baxia;Fredrinn;Wanwan;Granger","Fanny;Joy;Ling;Gloo;Mathilda","red","12:17"
"MPL_ID_S15_M73_G2","MPL_ID_S15","Playoffs","Indonesia","June 11; 2025 - 13:00 ICT","2","ONIC","Team Liquid ID","Gloo","Hayabusa","Pharsa","Irithel","Badang","Phoveus","Lukas","Faramis","Granger","Mathilda","Ling;Joy;Chip;Alpha;Suyou","Luo Yi;Fanny;Kalea;Zhuxin;Yve","blue","14:46"
"MPL_ID_S15_M73_G3","MPL_ID_S15","Playoffs","Indonesia","June 11; 2025 - 13:00 ICT","3","Team Liquid ID","ONIC","Gatotkaca","Alpha","Zhuxin","Moskov","Mathilda","Gloo","Suyou","Faramis","Granger","Franco","Hayabusa;Luo Yi;Chip;Kimmy;Pharsa","Fanny;Joy;Ling;Cici;Phoveus","blue","14:01"
"MPL_ID_S15_M73_G4","MPL_ID_S15","Playoffs","Indonesia","June 11; 2025 - 13:00 ICT","4","Team Liquid ID","ONIC","Gatotkaca","Alpha","Zhuxin","Karrie","Mathilda","Gloo","Julian","Pharsa","Granger","Kalea","Chip;Luo Yi;Hayabusa;Lancelot;Beatrix","Fanny;Joy;Ling;Moskov;Harith","blue","15:08"
"MPL_ID_S15_M74_G1","MPL_ID_S15","Playoffs","Indonesia","June 12; 2025 - 13:00 ICT","1","Geek Fam ID","ONIC","Gloo","Fredrinn","Valentina","Harith","Chip","Cici","Baxia","Kimmy","Wanwan","Badang","Hayabusa;Luo Yi;Pharsa;Kalea;Franco","Fanny;Zhuxin;Faramis;Irithel;Granger","blue","20:08"
"MPL_ID_S15_M74_G2","MPL_ID_S15","Playoffs","Indonesia","June 12; 2025 - 13:00 ICT","2","Geek Fam ID","ONIC","X.Borg","Fredrinn","Valentina","Claude","Chip","Cici","Baxia","Kimmy","Irithel","Badang","Hayabusa;Luo Yi;Pharsa;Joy;Kalea","Fanny;Zhuxin;Faramis;Moskov;Harith","blue","15:12"
"MPL_ID_S15_M74_G3","MPL_ID_S15","Playoffs","Indonesia","June 12; 2025 - 13:00 ICT","3","Geek Fam ID","ONIC","Hilda","Suyou","Faramis","Harith","Kalea","Esmeralda","Hayabusa","Lylia","Claude","Chip","Kimmy;Pharsa;Joy;Valentina;Yve","Fanny;Zhuxin;Luo Yi;Granger;Wanwan","red","14:32"
"MPL_ID_S15_M74_G4","MPL_ID_S15","Playoffs","Indonesia","June 12; 2025 - 13:00 ICT","4","Geek Fam ID","ONIC","Gloo","Suyou","Faramis","Granger","Kalea","Cici","Ling","Yve","Harith","Badang","Kimmy;Pharsa;Joy;Baxia;Fredrinn","Fanny;Zhuxin;Luo Yi;Claude;Wanwan","red","14:40"
"MPL_ID_S15_M75_G1","MPL_ID_S15","Playoffs","Indonesia","June 11; 2025 - 18:15 ICT","1","Alter Ego","Bigetron Esports","Baxia","Ling","Selena","Harith","Badang","Chou","Lukas","Luo Yi","Granger","Kalea","Fredrinn;Masha;Chip;Gloo;Wanwan","Hayabusa;Joy;Phoveus;Valentina;Angela","red","11:34"
"MPL_ID_S15_M75_G2","MPL_ID_S15","Playoffs","Indonesia","June 11; 2025 - 18:15 ICT","2","Bigetron Esports","Alter Ego","Phoveus","Baxia","Pharsa","Irithel","Kalea","Badang","Lancelot","Yve","Granger","Gatotkaca","Hayabusa;Joy;Luo Yi;Lukas;Gloo","Fredrinn;Masha;Chip;Wanwan;Beatrix","blue","15:23"
"MPL_ID_S15_M75_G3","MPL_ID_S15","Playoffs","Indonesia","June 11; 2025 - 18:15 ICT","3","Alter Ego","Bigetron Esports","Phoveus","Baxia","Pharsa","Bruno","Franco","Kalea","Barats","Kimmy","Granger","Badang","Fredrinn;Masha;Chip;Hanzo;Gloo","Hayabusa;Joy;Luo Yi;Angela;Irithel","blue","15:07"
"MPL_ID_S15_M75_G4","MPL_ID_S15","Playoffs","Indonesia","June 11; 2025 - 18:15 ICT","4","Alter Ego","Bigetron Esports","Benedetta","Baxia","Kimmy","Irithel","Franco","Phoveus","Lukas","Pharsa","Wanwan","Mathilda","Fredrinn;Masha;Chip;Kalea;Chou","Hayabusa;Joy;Luo Yi;Badang;Karrie","blue","16:36"
"MPL_ID_S15_M75_G5","MPL_ID_S15","Playoffs","Indonesia","June 11; 2025 - 18:15 ICT","5","Alter Ego","Bigetron Esports","Badang","Baxia","Kimmy","Irithel","Angela","Kalea","Barats","Luo Yi","Granger","Floryn","Fredrinn;Masha;Chip;Gloo;Hanzo","Hayabusa;Joy;Franco;Cici;Phoveus","blue","12:50"
"MPL_ID_S15_M76_G1","MPL_ID_S15","Playoffs","Indonesia","June 12; 2025 - 18:15 ICT","1","RRQ Hoshi","Alter Ego","Phoveus","Joy","Faramis","Granger","Gatotkaca","Badang","Hayabusa","Pharsa","Natan","Kalea","Kimmy;Fredrinn;Luo Yi;Harith;Irithel","Chip;Zhuxin;Baxia;Valentina;Franco","blue","21:11"
"MPL_ID_S15_M76_G2","MPL_ID_S15","Playoffs","Indonesia","June 12; 2025 - 18:15 ICT","2","RRQ Hoshi","Alter Ego","Gloo","Joy","Yve","Granger","Kalea","Badang","Hayabusa","Pharsa","Moskov","Franco","Kimmy;Phoveus;Luo Yi;Harith;Karrie","Chip;Zhuxin;Baxia;Valentina;Selena","blue","16:36"
"MPL_ID_S15_M76_G3","MPL_ID_S15","Playoffs","Indonesia","June 12; 2025 - 18:15 ICT","3","Alter Ego","RRQ Hoshi","Phoveus","Hayabusa","Kimmy","Claude","Khaleed","Cici","Lukas","Pharsa","Granger","Gatotkaca","Chip;Zhuxin;Badang;Fredrinn;Gloo","Baxia;Joy;Kalea;Harith;Irithel","blue","13:35"
"MPL_ID_S15_M76_G4","MPL_ID_S15","Playoffs","Indonesia","June 12; 2025 - 18:15 ICT","4","Alter Ego","RRQ Hoshi","Phoveus","Lancelot","Luo Yi","Wanwan","Kalea","Hilda","Lukas","Yve","Harith","Gatotkaca","Chip;Zhuxin;Granger;Cici;Badang","Baxia;Joy;Hayabusa;Ling;Hanzo","blue","19:38"
"MPL_ID_S15_M77_G1","MPL_ID_S15","Playoffs","Indonesia","June 13; 2025 - 18:15 ICT","1","RRQ Hoshi","ONIC","Cici","Baxia","Pharsa","Wanwan","Gatotkaca","Phoveus","Ling","Yve","Harith","Kalea","Fanny;Masha;Luo Yi;Valentina;Gloo","Zhuxin;Chip;Hayabusa;Hilda;Lukas","red","19:53"
"MPL_ID_S15_M77_G2","MPL_ID_S15","Playoffs","Indonesia","June 13; 2025 - 18:15 ICT","2","RRQ Hoshi","ONIC","Badang","Yi Sun-shin","Valentina","Granger","Baxia","Cici","Alpha","Pharsa","Irithel","Kalea","Fanny;Masha;Luo Yi;Joy;Ling","Hayabusa;Chip;Zhuxin;Lukas;Suyou","red","16:15"
"MPL_ID_S15_M77_G3","MPL_ID_S15","Playoffs","Indonesia","June 13; 2025 - 18:15 ICT","3","ONIC","RRQ Hoshi","Phoveus","Ling","Luo Yi","Harith","Badang","Hylos","Joy","Selena","Granger","Tigreal","Lukas;Zhuxin;Chip;Hilda;Pharsa","Fanny;Baxia;Kimmy;Gloo;Chou","red","18:09"
"MPL_ID_S15_M77_G4","MPL_ID_S15","Playoffs","Indonesia","June 13; 2025 - 18:15 ICT","4","RRQ Hoshi","ONIC","Kalea","Joy","Selena","Granger","Gatotkaca","Masha","Kaja","Luo Yi","Irithel","Badang","Fanny;Baxia;Harith;Phoveus;Fredrinn","Hayabusa;Chip;Zhuxin;Tigreal;Gloo","blue","14:57"
"MPL_ID_S15_M78_G1","MPL_ID_S15","Playoffs","Indonesia","June 13; 2025 - 13:00 ICT","1","Alter Ego","Geek Fam ID","Edith","Hanzo","Luo Yi","Granger","Gatotkaca","Cici","Fredrinn","Kimmy","Harith","Kalea","Fanny;Suyou;Zhuxin;Pharsa;Valentina","Baxia;Joy;Hayabusa;Ling;Badang","red","11:55"
"MPL_ID_S15_M78_G2","MPL_ID_S15","Playoffs","Indonesia","June 13; 2025 - 13:00 ICT","2","Geek Fam ID","Alter Ego","Hilda","Ling","Zhuxin","Harith","Kalea","Phoveus","Leomord","Pharsa","Bruno","Gatotkaca","Hayabusa;Baxia;Joy;Moskov;Wanwan","Fanny;Suyou;Fredrinn;Cici;Gloo","blue","13:54"
"MPL_ID_S15_M78_G3","MPL_ID_S15","Playoffs","Indonesia","June 13; 2025 - 13:00 ICT","3","Alter Ego","Geek Fam ID","Hylos","Ling","Luo Yi","Granger","Kalea","Badang","Lukas","Faramis","Harith","Chip","Fanny;Suyou;Fredrinn;Hilda;Zhuxin","Baxia;Hayabusa;Joy;Valentina;Phoveus","blue","12:52"
"MPL_ID_S15_M79_G1","MPL_ID_S15","Playoffs","Indonesia","June 14; 2025 - 17:30 ICT","1","Geek Fam ID","RRQ Hoshi","Gloo","Joy","Luo Yi","Wanwan","Badang","Phoveus","Ling","Zhuxin","Granger","Ruby","Hayabusa;Baxia;Lukas;Tigreal;Fredrinn","Kalea;Fanny;Harith;Kimmy;Yve","red","16:51"
"MPL_ID_S15_M79_G2","MPL_ID_S15","Playoffs","Indonesia","June 14; 2025 - 17:30 ICT","2","Geek Fam ID","RRQ Hoshi","Phoveus","Suyou","Kimmy","Harith","Badang","Cici","Alpha","Zhuxin","Wanwan","Gatotkaca","Hayabusa;Lukas;Baxia;Gloo;Fredrinn","Fanny;Kalea;Joy;Pharsa;Luo Yi","red","21:05"
"MPL_ID_S15_M79_G3","MPL_ID_S15","Playoffs","Indonesia","June 14; 2025 - 17:30 ICT","3","Geek Fam ID","RRQ Hoshi","Terizla","Suyou","Zhuxin","Harith","Kalea","Masha","Fredrinn","Kimmy","Karrie","Chip","Hayabusa;Lukas;Baxia;Wanwan;Granger","Fanny;Joy;Faramis;X.Borg;Uranus","blue","15:34"
"MPL_ID_S15_M79_G4","MPL_ID_S15","Playoffs","Indonesia","June 14; 2025 - 17:30 ICT","4","Geek Fam ID","RRQ Hoshi","Gloo","Fredrinn","Luo Yi","Wanwan","Badang","Phoveus","Yi Sun-shin","Pharsa","Harith","Hylos","Lukas;Baxia;Chip;Hayabusa;Gatotkaca","Fanny;Joy;Kalea;Cici;Masha","blue","13:05"
"MPL_ID_S15_M79_G5","MPL_ID_S15","Playoffs","Indonesia","June 14; 2025 - 17:30 ICT","5","Geek Fam ID","RRQ Hoshi","Phoveus","Hayabusa","Zhuxin","Harith","Chou","Gloo","Yi Sun-shin","Pharsa","Wanwan","Hylos","Lukas;Chip;Baxia;Franco;Tigreal","Fanny;Joy;Kalea;Irithel;Granger","blue","10:58"
"MPL_ID_S15_M80_G1","MPL_ID_S15","Playoffs","Indonesia","June 15; 2025 - 17:30 ICT","1","RRQ Hoshi","ONIC","Terizla","Joy","Luo Yi","Moskov","Baxia","Gloo","Lancelot","Vexana","Harith","Kalea","Fanny;Pharsa;Yve;Hayabusa;Ling","Chip;Zhuxin;Wanwan;Lukas;Yi Sun-shin","red","16:42"
"MPL_ID_S15_M80_G2","MPL_ID_S15","Playoffs","Indonesia","June 15; 2025 - 17:30 ICT","2","ONIC","RRQ Hoshi","Baxia","Joy","Pharsa","Irithel","Badang","Hylos","Hayabusa","Yve","Harith","Franco","Lukas;Chip;Zhuxin;Tigreal;Selena","Fanny;Kalea;Luo Yi;Gloo;Cici","blue","14:41"
"MPL_ID_S15_M80_G3","MPL_ID_S15","Playoffs","Indonesia","June 15; 2025 - 17:30 ICT","3","ONIC","RRQ Hoshi","Gatotkaca","Joy","Pharsa","Irithel","Khaleed","Phoveus","Baxia","Valentina","Harith","Kalea","Lukas;Chip;Wanwan;Masha;Tigreal","Fanny;Luo Yi;Badang;Gloo;Cici","red","10:53"
"MPL_ID_S15_M80_G4","MPL_ID_S15","Playoffs","Indonesia","June 15; 2025 - 17:30 ICT","4","RRQ Hoshi","ONIC","Benedetta","Fredrinn","Pharsa","Granger","Tigreal","Gloo","Hayabusa","Valentina","Irithel","Gatotkaca","Fanny;Badang;Luo Yi;Harith;Cici","Chip;Kalea;Baxia;Hilda;Masha","blue","15:49"
"MPL_ID_S15_M80_G5","MPL_ID_S15","Playoffs","Indonesia","June 15; 2025 - 17:30 ICT","5","RRQ Hoshi","ONIC","Phoveus","Joy","Yve","Granger","Kalea","Baxia","Ling","Pharsa","Harith","Tigreal","Fanny;Badang;Luo Yi;Cici;Hayabusa","Chip;Lukas;Yi Sun-shin;Zhuxin;Gloo","blue","14:25"
"MPL_ID_S15_M80_G6","MPL_ID_S15","Playoffs","Indonesia","June 15; 2025 - 17:30 ICT","6","RRQ Hoshi","ONIC","Benedetta","Baxia","Valentina","Granger","Tigreal","Gloo","Alpha","Pharsa","Wanwan","Chou","Fanny;Badang;Luo Yi;Cici;Masha","Chip;Kalea;Joy;Ling;Yi Sun-shin","blue","19:41"
"MPL_ID_S15_M80_G7","MPL_ID_S15","Playoffs","Indonesia","June 15; 2025 - 17:30 ICT","7","RRQ Hoshi","ONIC","Baxia","Hayabusa","Yve","Granger","Gatotkaca","Cici","Suyou","Pharsa","Claude","Chou","Fanny;Luo Yi;Badang;Alpha;Ling","Chip;Joy;Kalea;Lukas;Yi Sun-shin","blue","13:55"